estudianteID,nombreEStudiante
1,Timotheus Deam
2,Carolyn Christofe
3,Tabbatha Fontaine
4,Anya Isitt
5,Inger Kensington
6,Port McColgan
7,Tammy Eastbury
8,Vivianne Linskill
9,Chrissy Shenfish
10,Stacy Krebs
11,Morty Summerhayes
12,Olivia Boustred
13,Jaquith Gavriel
14,Roana Mathy
15,Alford Tompsett
16,Westbrook Forbear
17,Helen Dermott
18,Worthy Tennock
19,Gasper Norssister
20,Alikee Rosengren
21,Frederick Cullity
22,Josephina Vanderson
23,Cleveland Drain
24,Bobbie Chatan
25,Raoul Flowitt
26,Lorie Birtwhistle
27,Gerard Beddo
28,Gaye Walker
29,Elizabet Aronovitz
30,Minette Brounsell
31,Gib Gossan
32,Averell Smuth
33,Berenice Kaas
34,Marchelle Gilder
35,Etan Bozworth
36,Stanfield Popplewell
37,Alic Guppy
38,Noak Jope
39,Rubina Cordie
40,Bella Domenc
41,Ardath Gorges
42,Joey Yter
43,Maryl Dinesen
44,Elka Hatherleigh
45,Allys Carvil
46,Georgeanne Hubner
47,Nonie Llewellin
48,Giselbert Todman
49,Randy Fairley
50,Duff Quaif
51,Jaime Strutt
52,Willy Laurie
53,Mathe Tree
54,Juan Crighton
55,Arlinda Fludgate
56,Nels Pinney
57,Mel Reddecliffe
58,Van Margetts
59,Allister Lowers
60,Bevon Raoul
61,Mandy Recher
62,Gerick Pawlaczyk
63,Mommy Dongles
64,Clerkclaude Semens
65,Arie Elsop
66,Inez Follitt
67,Margy Mundy
68,Othilie Goodhand
69,Miguela Farland
70,Isidoro Kwietek
71,Broddie Stichel
72,Aurlie Culvey
73,Katusha Hemms
74,Leticia Clorley
75,Samuel Beade
76,Bradford Harper
77,Jillie Bryceson
78,Quinn Caslane
79,Kale Brunon
80,Odelle Praten
81,Eryn De Andreis
82,Barbe Henrique
83,Evvy Binner
84,Fred Gregorio
85,Fiann McCaughey
86,Haywood Ecob
87,Abagail Glassman
88,Zolly Leagas
89,Welby Northridge
90,Belita Kerfoot
91,Birdie Joblin
92,Hedvig Winkworth
93,Brina Laurentino
94,Glenn Klass
95,Wilfred Toombs
96,Rhoda Wildgoose
97,Garv Elias
98,Darbie Cattenach
99,Ole Scudder
100,Niel Urvoy
101,Gennifer Brear
102,Shepard Curnick
103,Tess Ord
104,Lynn Dickenson
105,Roddie Driver
106,Clevey Bottrell
107,Lidia Charrisson
108,Friedrick Plante
109,Ardisj Westmerland
110,Caril Muslim
111,Haley Demschke
112,Nicolais Baptie
113,Zarah Barkley
114,Gaylord Feuell
115,Bidget Ashworth
116,Virgilio Toone
117,Kaja Benfield
118,Mikael Pressey
119,Else Core
120,Trixie Killingbeck
121,Sergent Corradengo
122,Devonna Domanski
123,Falito Iori
124,Ernestine Rosenfelt
125,Dennison Moscrop
126,Esmaria Ginnaly
127,Rosie Adamini
128,Cesya Sweatland
129,Cherie Boscher
130,Kendrick Tackett
131,Valry De Stoop
132,Larine Carvill
133,Arny Almon
134,Indira Shires
135,Philippine Skaife
136,Salvador Durnall
137,Giustino Worboy
138,Christa Suerz
139,Bobby Sydry
140,Goldi Pescud
141,Howey Eckly
142,Mariejeanne Gahan
143,Opal Gerring
144,Noni Ketchen
145,Dorian Atwel
146,Kristin Dilloway
147,Francesco Dumbare
148,Baxy Fulford
149,Rachael McCook
150,Flora Argrave
151,Elfie Thurbon
152,Gretna Lorking
153,Evy Wholesworth
154,Nanice Cockshoot
155,Antonin Gianasi
156,Lilli Victoria
157,Berrie Francescuccio
158,Hendrika McGall
159,Jules Watkiss
160,Mildred Gurdon
161,Chaunce Sorrie
162,Roderigo Skase
163,Joelly Kester
164,Alvira Heardman
165,Vittoria Habershaw
166,Van Sommer
167,Henri Stife
168,Kathi Rasher
169,Lenka O'Hoey
170,Bethany Faire
171,Michel Duckerin
172,Nowell Hansmann
173,Tobe Roxburgh
174,Gayla Estrella
175,Ewan Plampeyn
176,Tedman Swanston
177,Whitney Brodie
178,Selia Isacq
179,Priscella Camp
180,Zola Jesteco
181,Wilfred Bottelstone
182,Katya Von Hindenburg
183,Corbie Warlaw
184,Maury Jereatt
185,Carling Cookson
186,Andrea Semkins
187,Bili Royston
188,Lindsay Nutbean
189,Dur Gian
190,Milo Muge
191,Chaim Garrud
192,Amara Nockles
193,Cherye Keaton
194,Jesse Aicheson
195,Bibbie McTavish
196,Caitrin Pavic
197,Don Follen
198,Valentino Birkenhead
199,Bibby Elkins
200,Bill Devennie
201,Malena Mashal
202,Corilla Angear
203,Davy Pigram
204,Romeo Drezzer
205,Fiorenze Marshallsay
206,Zack Lorraway
207,Maddie McGilleghole
208,Guillaume Caulcutt
209,Johny Hinnerk
210,Izaak Lethby
211,Jeth Dudny
212,Royall Goodley
213,Kassi Hartles
214,Ara Jayne
215,Auguste Fallen
216,Orion Bryers
217,Augustus Galia
218,Amy Simmonett
219,Rafaelia Marcum
220,Lucian Woodwing
221,Toni Clethro
222,Desmond Snalum
223,Arvy Bogays
224,Maximilien Vannuccini
225,Zackariah Markovic
226,Fulvia Crum
227,Dolorita Le Houx
228,Wallis Brecher
229,Basia O'Ruane
230,Katherine Aggett
231,Avram Romushkin
232,Fayette Omand
233,Rossie Eastbury
234,Lizbeth Ingliss
235,Levey Jansson
236,Drugi Longo
237,Roseann Ajam
238,Henrik Pockett
239,Alexandra Eake
240,Kennett Cotmore
241,Elonore Scutt
242,Elberta Brose
243,Tyson Vasyutichev
244,Latrena Baldazzi
245,Ragnar Cutmore
246,Uri Alabastar
247,Darcy Simonini
248,Llewellyn Barrabeale
249,Ericka Cleen
250,Nellie McArdell
251,Paola Umfrey
252,Bobine Brawn
253,Stacy Eggar
254,Sargent Patis
255,Raychel Lesurf
256,Lacy Loadman
257,Jillane Hibling
258,Bernard Baruch
259,Mohammed Corben
260,Raul Coronado
261,Farrah Corneil
262,Hettie Whittenbury
263,Madelyn Tussaine
264,Odille Clifford
265,Maximo Tapp
266,Lanna Hallede
267,Lanette Hanes
268,Theodoric Grishunin
269,Kessiah Dunstan
270,Kara Hansel
271,Lebbie Dabner
272,Kristen Huish
273,Grace Glawsop
274,Sherilyn Roussell
275,Tally Whate
276,Michelina Paterson
277,Devan Maria
278,Annabelle Piper
279,Gardner Dyte
280,Enrique Whightman
281,Catherina Vlahos
282,Rory Kelinge
283,Giff Doughtery
284,Abner Rome
285,Adelaide Jordeson
286,Ad Hussey
287,Elaina Jedrzejczyk
288,Arlena Bullivent
289,Ambrosi Ranson
290,Deloria Purdon
291,Holt Couling
292,Tomasine Yonnie
293,Englebert Marjoram
294,Shannah Schlagtmans
295,Elaine Bagnold
296,Desirae Treacher
297,Evvy Pock
298,Drucy Cromar
299,Mariellen Slorance
300,Erin O'Fergus
301,Tito Clucas
302,Wendi Heers
303,Tabbie Sive
304,Tamas Morkham
305,Thea Cocksedge
306,Sarah Botfield
307,Temp Leipelt
308,Ophelia Scholz
309,Roch McEnery
310,Norry Bollom
311,Janelle Ayers
312,Gray Middlemist
313,Thomasina Stoffels
314,Kory Ubsdell
315,Fitz Hambridge
316,Ludovika Cutbush
317,Malory Verrechia
318,Tildy Benda
319,Flinn Biford
320,Jock Banasiak
321,Denny Lowing
322,Bord Lafond
323,Lorilee Stollhofer
324,Leilah Cabena
325,Felic Starte
326,Lucias Sendley
327,Estel Buckles
328,Malvina Pic
329,Fredia Skitteral
330,Gib Whitlow
331,Bertram Ellings
332,Artemas Ccomini
333,Delores Beachamp
334,Sibby Scargle
335,Curr Baudts
336,Hill Gibard
337,Zulema Pound
338,Giulietta Creeboe
339,Constantina Heaslip
340,Del Beekman
341,Cosetta Gogarty
342,Amitie Matusov
343,Rhett Himpson
344,Benedetta MacCostye
345,Renault Iredell
346,Myrah Brailsford
347,Bondon Muzzullo
348,Alasdair Bamforth
349,Ruprecht Mullard
350,Juditha Row
351,Adoree Ruffler
352,Eugenio Fiddler
353,Gwyn McNirlan
354,Monti Budget
355,Zach De Normanville
356,Kalli Bendall
357,Emyle Atchly
358,Cinnamon Petticrow
359,Keslie Brinsford
360,Tallou Sussans
361,Davita Edmonson
362,Aron Ruter
363,Stinky Ainslie
364,Walton Mecchi
365,Laughton Gibberd
366,Olympia Cristofori
367,Seline Delgado
368,Eugenie Parsons
369,Cordula Lovett
370,Edouard Screaton
371,Barbra Cunnington
372,Son Bacop
373,Gray Bonfield
374,Dannie Geggus
375,Margarita Marston
376,Suzi Kernley
377,Linnell Peachment
378,Jeth Fealty
379,Arlyn Surmeir
380,Biddie Alfuso
381,Aurthur Elizabeth
382,Teena Tomasutti
383,Katya Leamon
384,Pepi Bernolet
385,Jo ann Oddie
386,Kessiah Lindholm
387,Nadya Stebbins
388,Irene Povlsen
389,Hubert Gorrissen
390,Laurens Dionisii
391,Ives Stroobant
392,Tabbie Heller
393,Hal Bayless
394,Alysa Tuny
395,Erwin Dickings
396,Glenden Nickels
397,Lea Murthwaite
398,Brendis Clashe
399,Kelila Giorgietto
400,Catlaina Thaine
401,Carce Yeaman
402,Katherina Novelli
403,Shela Eliyahu
404,Gipsy Connaughton
405,Joelle Lodovichi
406,Althea Minelli
407,Arte Doberer
408,Eduardo Eastabrook
409,Spense Doret
410,Pepe Osmint
411,Saree Poytheras
412,Quinn Barock
413,Stephan Marians
414,Evyn Atton
415,Pedro Mauditt
416,Itch Setchell
417,Kin Domleo
418,Jeth Isacoff
419,Tibold Landeg
420,Kendre Allport
421,Danyelle Swainson
422,Carly Spackman
423,Teresa Scrimshire
424,Libbi Packington
425,Rey Edridge
426,Doralynn Alred
427,Zsazsa Matijevic
428,Gretchen Velareal
429,Giulio Kitney
430,Ryon Lovitt
431,Sawyere Seamark
432,Lenard Vickers
433,Lurleen Dufer
434,Levey Geary
435,Stevena Pelling
436,Killy Guinan
437,Cristi Quinnelly
438,Hazlett Challenor
439,Janice Brierley
440,Lauri Grishenkov
441,Demetrius Leathart
442,Nels Aburrow
443,Aldric Cobon
444,Carlene Badder
445,Kalie McPolin
446,Joya Falk
447,Brittaney Timmermann
448,Bertha Gowrie
449,Barbara-anne Papis
450,Niki Swetmore
451,Barbie Stutter
452,Cherrita Seres
453,Robert Lillford
454,Tiphanie Hazelden
455,Morganica McFfaden
456,Bay Maier
457,Joya Brooking
458,Cloe Bengough
459,Martelle Ditzel
460,Husain Barrabeale
461,Regen Broe
462,Leoine Kobierra
463,Valli Wildman
464,Dur Bassano
465,Beatriz Hortop
466,Chere Omrod
467,Maryanne Ratray
468,Fonsie Banane
469,Stacie Walling
470,Quincy Mechem
471,Wiatt Jacquemot
472,Charlena Duns
473,Allie Coling
474,Kenna Drage
475,Heloise Trickett
476,Filide Ladson
477,Nancee Stonelake
478,Maisie Satyford
479,Avivah Harwell
480,Marcille Tear
481,Karlene Ortell
482,Artair Ronald
483,Betty Fellini
484,Martino Kenny
485,Nickie Rakes
486,Serene Odams
487,Creighton Binstead
488,Flor Howlin
489,Wally Calcraft
490,Peyter Lampard
491,Jaymie St Ange
492,Berky Yaus
493,Joell Sheber
494,Midge Turton
495,Enoch Blackster
496,Emogene Gravells
497,Adler Lavington
498,Kimberley Burn
499,Scarface Fraser
500,Cirilo Fulkes
