tutorID,nombreTutor
1,Daveen Iles
2,Norene Jerrand
3,Kennith Skoate
4,George Konig
5,Toni Anfonsi
6,Artair Burton
7,Nicolis McNamara
8,Addie Napoleon
9,Godfrey Balaisot
10,Gregorio Hillam
11,Desmund Rathbourne
12,Oswald Kensit
13,Dickie Rexworthy
14,Bryna Halliburton
15,Felicle Okell
16,Colleen Tytler
17,Ammamaria Kaasmann
18,Adaline Faulconer
19,Nichole Blenkiron
20,Cristina Byatt
21,Massimiliano Glendza
22,Gerty Salleir
23,Cathi Busen
24,Rosalynd Trump
25,Elise Anthonies
26,Cindie Gately
27,Aila Davidovici
28,Jarib Bilbrook
29,Page Kinnoch
30,Dicky Takos
31,Murial Antonov
32,Charis Haxbie
33,Levi Sibbert
34,Abelard Search
35,Rowen Sandifer
36,Hedy Doody
37,Feliza Sargint
38,Seline Silveston
39,Borg Batalini
40,Annie Mounce
41,Waldon Caudray
42,Noelani Bricklebank
43,Massimo Guillon
44,Fanechka Jersh
45,Padget Briers
46,Shepperd Instock
47,Web Haggett
48,Cal Kynoch
49,Willem Whittingham
50,Sondra Spinage
51,Julina Buard
52,Cooper Crook
53,Timoteo Lanphier
54,Jessy Thackray
55,Marys Meneghelli
56,Elka Worlidge
57,Marjie Yateman
58,Becka Juorio
59,Consolata Essberger
60,Leonid Franzewitch
61,Nicolea Mounsey
62,Kylynn Myhan
63,Fiorenze Whall
64,Kelley Groom
65,Ely Goard
66,Randa Maydway
67,Hymie Hedger
68,Kimberlee West-Frimley
69,Margot Itzkovitch
70,Joby Delhay
71,Fara Showen
72,Jori Coveny
73,Hewett Smitherman
74,Starlene Donavan
75,Salvador Powney
76,Birk Soeiro
77,Darci Stanaway
78,Marve O' Meara
79,Sonnie Mussen
80,Titos Menham
81,Gill Callam
82,Emmery Saltwell
83,Noella Breinl
84,Luke Muglestone
85,Evvy Tessington
86,Bill Clowes
87,Benoit Reardon
88,Barton Derobert
89,Xever Tuxell
90,Seward Jiggins
91,Munmro Oddboy
92,Marcelline Dilnot
93,Donna Nacey
94,Christabel Billinge
95,Neddie Hunting
96,Gusty Walasik
97,Andie Ghent
98,Wallie Revans
99,Mersey Rieme
100,Gaspar Rendell
101,Bea Isaksen
102,Briano Windrum
103,Evyn Gonzalo
104,Brenna Poletto
105,Cornelia Klugman
106,Burch Beadnell
107,Gustav Allwell
108,Chelsy Burness
109,Therine Marchand
110,Afton Wainscot
111,Ly Youngman
112,Evangeline Furzer
113,Ramona Jakubski
114,Harmonie Livezley
115,Aguste Gerhartz
116,Corabelle Robelet
117,Manda Rantoull
118,Natassia Mc Gorley
119,Chadd Ferri
120,Harris Doorbar
121,Erhard Bazoche
122,Yardley Bikker
123,Pauline Humphris
124,Hyacinthe Bennion
125,Orly Rozenzweig
126,Humfrey Mayor
127,Ruthe Molloy
128,Felicity Ferminger
129,Wilie McNalley
130,Isidore Lindblom
131,Corinne Beauvais
132,Vinita Knappen
133,Care McFee
134,Gallard Roark
135,Conrado Alyoshin
136,Maisie Leys
137,Carlotta Manicom
138,Suzi Svanini
139,Adriano Hatherill
140,Jessie Bosch
141,Joshia Copyn
142,Goldina Camacho
143,Minna Galgey
144,Jolene Stotherfield
145,Emlyn Howse
146,Cullen Markwelley
147,Jenica Jakab
148,Prescott Chantler
149,Mallissa Hufton
150,Briano Rendbaek
151,Henryetta Skeen
152,Simona Gate
153,Sylvia Bauman
154,Celka Royce
155,Morley Fergie
156,Reyna Payle
157,Chase Clandillon
158,Jessy Tackle
159,Martyn Norcock
160,Taylor Robus
161,Meg Henke
162,Cletus Compston
163,Hermione Phillp
164,Nowell Fairney
165,Jacquetta Copley
166,Valli Tomeo
167,Glynis Hayward
168,Onfre McIlvoray
169,Breanne Mack
170,Laryssa Mason
171,Dalis Baggelley
172,Betsey Pagnin
173,Nathalie Gland
174,Arthur Spadelli
175,Gannon Kleinhaut
176,Alexandra Allsopp
177,Earvin Johantges
178,Jordon Osgordby
179,Harriette Giacomoni
180,Elias Edlyn
181,Patsy De Freyne
182,Woody Jacques
183,Robers Jachimiak
184,Amie Wilkins
185,Adora Oman
186,Mag Farrer
187,Salli McShea
188,Cheryl Phelipeaux
189,Jobie Elkin
190,Gonzalo Rendell
191,Louie Sheffield
192,Thomasin Paye
193,Gasper Pike
194,Ninon Sarle
195,Belva Haacker
196,Ashely Poinsett
197,Emelina Pedrielli
198,Larry Izhaky
199,Cordey Gold
200,Candace Joron
